licence_num,licensee_name,building_name,block_house_num,level_num,unit_num,street_name,postal_code
S02185J000,COLD STORAGE SINGAPORE (1983) PTE LTD,na,982,1,1,BUANGKOK CRESCENT,530982
S97166P000,COLD STORAGE SINGAPORE (1983) PTE LTD,HOUGANG GREEN SHOPPING MALL,21,1,52,HOUGANG STREET 51,538719
CE15B61K000,U STARS SUPERMARKET PTE. LTD.,na,330,1,1,ANCHORVALE STREET,540330
S02029J000,NTUC Fairprice Co-operative Ltd,HOUGANG POINT,1,2,1,HOUGANG STREET 91,538692
CE04561V000,SHENG SIONG SUPERMARKET PTE LTD,na,19,1,42401,SERANGOON NORTH AVENUE 5,554913
CE14L50J000,NTUC Fairprice Co-operative Ltd,THE SELETAR MALL,33,B2,24,SENGKANG WEST AVENUE,797653
CE12H94B000,PRIME SUPERMARKET (1996) PTE LTD,MUTLI STOREY CAR PARK,542B,2,1,SERANGOON NORTH AVENUE 3,552542
CE16913J000,SHENG SIONG SUPERMARKET PTE LTD,FERNVALE RIVERGROVE,473,1,6,FERNVALE STREET,790473
CE15042P000,D-RON INVESTMENTS PTE. LTD.,PPT LODGE 1B,2,1,38,SELETAR NORTH LINK,797601
CE15023A000,GW TRADER PTE. LTD.,PPT LODGE 1A,8,G1,3,SELETAR NORTH LINK,797455
CE11N78X000,HONG AIK PTE LTD,na,19,na,0,SELETAR WEST FARMWAY 6,798049
NE11909C000,COLD STORAGE SINGAPORE (1983) PTE LTD,na,683,1,903,HOUGANG AVENUE 8,530683
S02027L000,NTUC Fairprice Co-operative Ltd,na,682,1,310,HOUGANG AVENUE 4,530682
CE13R25C000,NTUC Fairprice Co-operative Ltd,na,447A,1,2,JALAN KAYU,791447
CE13S05E000,LABIBA ENTERPRISE PTE. LTD.,na,249,na,0,JALAN KAYU,799473
S93171X000,ANG MO SUPERMARKET PTE LTD,na,642,1,197,HOUGANG AVENUE 8,530642
CE06M36N000,NTUC Fairprice Co-operative Ltd,na,53,B2,26,ANG MO KIO AVENUE 3,569933
CE12J32X000,NTUC Fairprice Co-operative Ltd,ITE COLLEGE CENTRAL,2,1,12,ANG MO KIO DRIVE,567720
CE11P32L000,COLD STORAGE SINGAPORE (1983) PTE LTD,"GREENWICH, THE",1,1,11,SELETAR ROAD,807011
CE11N90C000,NTUC Fairprice Co-operative Ltd,na,712,1,4056,ANG MO KIO AVENUE 6,560712
S02169J000,COLD STORAGE SINGAPORE (1983) PTE LTD,na,525,1,2401,ANG MO KIO AVENUE 10,560525
B98014C000,NTUC Fairprice Co-operative Ltd,na,215,1,877,ANG MO KIO AVENUE 1,560215
B02015J000,SHENG SIONG SUPERMARKET PTE LTD,na,122,1,1753,ANG MO KIO AVENUE 3,560122
CE05096V000,COLD STORAGE SINGAPORE (1983) PTE LTD,MULTI STOREY CAR PARK,316B,1,11,ANG MO KIO STREET 31,563316
CE04334P000,SHENG SIONG SUPERMARKET PTE LTD,na,233,1,1168,ANG MO KIO AVENUE 3,560233
CE13401C000,G8 MART PTE. LTD.,na,421,1,1161,ANG MO KIO AVENUE 10,560421
S02021B000,NTUC Fairprice Co-operative Ltd,na,510,1,520,BISHAN STREET 13,570510
S02023V000,NTUC Fairprice Co-operative Ltd,JUNCTION 8 SHOPPING CENTRE,9,B1,20,BISHAN PLACE,579837
CE09512V000,COLD STORAGE SINGAPORE (1983) PTE LTD,na,512,1,524,BISHAN STREET 13,570512
S94081C000,NTUC Fairprice Co-operative Ltd,na,279,1,62/64,BISHAN STREET 24,570279
S02020C000,TAN SUAN GUAY,na,116,1,32,BISHAN STREET 12,570116
S02056B000,NTUC Fairprice Co-operative Ltd,THOMSON PLAZA,301,3,25,UPPER THOMSON ROAD,574408
S02058V000,SHENG SIONG SUPERMARKET PTE LTD,THOMSON IMPERIAL COURT,200,B1,1,UPPER THOMSON ROAD,574424
S02057A000,COLD STORAGE SINGAPORE (1983) PTE LTD,na,181,1,602,LORONG 4 TOA PAYOH,310181
S02204N000,COLD STORAGE SINGAPORE (1983) PTE LTD,na,260,1,1,KIM KEAT AVENUE,310260
S02051L000,NTUC Fairprice Co-operative Ltd,na,192,1,672,LORONG 4 TOA PAYOH,310192
S02103A000,NTUC Fairprice Co-operative Ltd,HDB HUB,500,na,0,LORONG 6 TOA PAYOH,310500
S97079B000,SHENG SIONG SUPERMARKET PTE LTD,na,4,1,107,LORONG 7 TOA PAYOH,310004
W02074L000,COLD STORAGE SINGAPORE (1983) PTE LTD,NOVENA SQUARE,238,1,28/29,THOMSON ROAD,307683
W02064P000,COLD STORAGE SINGAPORE (1983) PTE LTD,na,36A,1,44,DUNEARN ROAD,309426
CE15729L000,COLD STORAGE SINGAPORE (1983) PTE LTD,NOVENA REGENCY,275,1,39/42,THOMSON ROAD,307645
CE13O90C000,NTUC Fairprice Co-operative Ltd,na,20,2,1,AH HOOD ROAD,329984
CE06L48L000,NTUC Fairprice Co-operative Ltd,SQUARE 2,10,4,47/48,SINARAN DRIVE,307506
W02084J000,NTUC Fairprice Co-operative Ltd,na,360,B1,0,BALESTIER ROAD,329783
CE07T39B000,L M MEAT PTE. LTD,SQUARE 2,10,4,55,SINARAN DRIVE,307506
C02025V000,COLD STORAGE SINGAPORE (1983) PTE LTD,COLD STORAGE JELITA,293,na,0,HOLLAND ROAD,278628
CE06464C000,COLD STORAGE SINGAPORE (1983) PTE LTD,CLUNY COURT,501,1,2,BUKIT TIMAH ROAD,259760
W02066L000,COLD STORAGE SINGAPORE (1983) PTE LTD,HOLLAND ROAD SHOPPING CENTRE,211,1,5,HOLLAND AVENUE,278967
NW08477X000,NTUC Fairprice Co-operative Ltd,na,36,1,3,HOLLAND DRIVE,270036
W02430L000,THE FISHWIVES PTE. LTD.,(PART OF) CLUNY COURT,501,1,05B,BUKIT TIMAH ROAD,259760
B03074A000,THE BUTCHER (SINGAPORE) PTE. LTD.,na,44,1,50,JALAN MERAH SAGA,278116
CE07783P000,SHENG SIONG SUPERMARKET PTE LTD,MULTI STOREY CAR PARK,88,1,10,TANGLIN HALT ROAD,141088
CE07411A000,CULINA PTE LTD,PART OF,8,1,13,DEMPSEY ROAD,247696
CE15F60K000,HUBER'S PTE. LTD.,1st & 2nd storey,22,na,0,DEMPSEY ROAD,249679
W70029L000,NTUC Fairprice Co-operative Ltd,na,170,1,1147,STIRLING ROAD,140170
CE07569B000,COLD STORAGE SINGAPORE (1983) PTE LTD,ANCHOR POINT,370,B1,42554,ALEXANDRA ROAD,159953
CE15J25N000,SHENG SIONG SUPERMARKET PTE LTD,MULTI STOREY CAR PARK,85,1,1,DAWSON ROAD,141085
CE05487V000,NTUC Fairprice Co-operative Ltd,na,1,1,4500,JALAN BUKIT MERAH,150001
CE04086K000,NTUC Fairprice Co-operative Ltd,DAWSON PLACE,57,1,1,DAWSON ROAD,142057
CE07B77K000,L M MEAT PTE. LTD,ANCHORPOINT,370,B1,58,ALEXANDRA ROAD,159953
W74072X000,COLD STORAGE SINGAPORE (1983) PTE LTD,na,8,1,171,TELOK BLANGAH CRESCENT,090008
W02083K000,NTUC Fairprice Co-operative Ltd,02-3531 BUKIT MERAH AREA OFFICE,166,1,3527,BUKIT MERAH CENTRAL,150166
CE15G35E000,NTUC Fairprice Co-operative Ltd,na,20,1,13,LENGKOK BAHRU,159053
CE06044N000,NTUC Fairprice Co-operative Ltd,VALLEY POINT,491,1,14,RIVER VALLEY ROAD,248371
W72014K000,COLD STORAGE SINGAPORE (1983) PTE LTD,na,86,1,610,REDHILL CLOSE,150086
W02086C000,NTUC Fairprice Co-operative Ltd,na,50,1,755,HAVELOCK ROAD,160050
CE08015J000,NTUC Fairprice Co-operative Ltd,KAI FOOK MANSION,18 /20,na,0,KIM TIAN ROAD,169252
W02072P000,NTUC Fairprice Co-operative Ltd,TIONG BAHRU PLAZA,302,B1,1,TIONG BAHRU ROAD,168732
W02068J000,COLD STORAGE SINGAPORE (1983) PTE LTD,GREAT WORLD CITY,1,B1,18/19,KIM SENG PROMENADE,237994
CE10G36A000,FOUR SEASONS ORGANIC MARKET PTE. LTD.,GREAT WORLD CITY,1,B2,42557,KIM SENG PROMENADE,237994
CE14P57N000,FASSLER GOURMET PTE LTD,TIONG BAHRU ESTATE,55,1,55,TIONG BAHRU ROAD,160055
CE06837J000,THE BUTCHER'S DOG PTE. LTD.,GREAT WORLD CITY,1,B2,42715,KIM SENG PROMENADE,237994
CE13R41C000,SECRETS FINE FOOD PTE. LTD.,TIONG BAHRU ESTATE,55,1,2,TIONG BAHRU ROAD,160055
CE11C49E000,COLD STORAGE SINGAPORE (1983) PTE LTD,na,26,1,7,JALAN MEMBINA,161026
CE10I13B000,FOODIE MARKET PLACE PTE LTD,na,225,na,0,OUTRAM ROAD,169038
CE12H50C000,NTUC Fairprice Co-operative Ltd,100 AM,100,B1,1,TRAS STREET,079027
W02092J000,NTUC Fairprice Co-operative Ltd,na,5,1,1,TANJONG PAGAR PLAZA,081005
CE10G35B000,FOUR SEASONS GOURMET MARKET PTE. LTD.,#B2-44/45/48/49/50,8A,na,0,MARINA BOULEVARD,018984
CE14G71E000,COLD STORAGE SINGAPORE (1983) PTE LTD,ALTEZ (UNITS: #01-05/06/07/08),16,na,0,ENGGOR STREET,079717
CE13Z38L000,AP HOUSE PTE. LTD.,"ASIA SQUARE TOWER 2 (3 Units: 6, 7 & 8)",12,1,42588,MARINA VIEW,018961
CE10K82J000,COLD STORAGE SINGAPORE (1983) PTE LTD,na,2,B2,46,BAYFRONT AVENUE,018972
CE12Y69L000,LOTTE MART PTE. LTD.,na,67,1,0,TANJONG PAGAR ROAD,088488
CE09874X000,AL MARCHE PTE LTD,"SAIL @ MARINA BAY, THE",2,B1,5,MARINA BOULEVARD,018987
W02332N000,SHENG SIONG SUPERMARKET PTE LTD,na,52,1,25,CHIN SWEE ROAD,160052
W02076J000,HONG HENG SENG,na,5,3,92,BANDA STREET,050005
W02099P000,WAN SIEW YOONG,na,4,2,103,SAGO LANE,050004
W03467A000,COLD STORAGE SINGAPORE (1983) PTE LTD,FUNAN THE IT MALL,109,B1,42463,NORTH BRIDGE ROAD,179097
W02080P000,COLD STORAGE SINGAPORE (1983) PTE LTD,RAFFLES CITY SHOPPING CENTRE,252,B1,1,NORTH BRIDGE ROAD,179103
W90084A000,NTUC Fairprice Co-operative Ltd,CHINATOWN POINT,133,B1,1,NEW BRIDGE ROAD,059413
CE14938E000,SONG FISH DEALER PTE LTD,CHINATOWN POINT,133,B1,26,NEW BRIDGE ROAD,059413
CE13Z03L000,COLD STORAGE SINGAPORE (1983) PTE LTD,SUNTEC CITY MALL,3,B1,148,TEMASEK BOULEVARD,038983
CE15E72J000,EPICUREAN CONCEPTS MARINA SQUARE PTE. LTD.,MARINA SQUARE,6,1,21,RAFFLES BOULEVARD,039594
CE15N29C000,BOZZ INTERNATIONAL PTE. LTD.,MARINA SQUARE,6,3,130A,RAFFLES BOULEVARD,039594
W02081N000,LOH NYEN YIU,GOLDEN MILE COMPLEX,5001,2,64,BEACH ROAD,199588
W02091K000,NTUC Fairprice Co-operative Ltd,ROCHOR CENTRE,1,1,640,ROCHOR ROAD,180001
CE15198A000,DEARN KAPAG PTE. LTD.,GOLDEN MILE COMPLEX,5001,1,36,BEACH ROAD,199588
CE12096L000,SHENG SIONG SUPERMARKET PTE LTD,NEW WORLD CENTRE,1,B1,44621,JALAN BERSEH,209037
CE04136B000,SHENG SIONG SUPERMARKET PTE LTD,na,2,B2,1,SERANGOON ROAD,218227
E02140N000,SHENG SIONG SUPERMARKET PTE LTD,NEW WORLD CENTRE,1,B1,2,JALAN BERSEH,209037
CE15F83X000,PARDESHI PTE. LTD.,na,60,na,0,DESKER ROAD,209586
W02075K000,COLD STORAGE SINGAPORE (1983) PTE LTD,BUGIS JUNCTION,230,B1,16,VICTORIA STREET,188024
CE11H82X000,"JEWISH WELFARE BOARD, SINGAPORE",JEWISH SYNAGOGUE,24,2,1,WATERLOO STREET,187950
CE16445A000,MAHOTA FOOD PTE. LTD.,KITCHENER COMPLEX,809,3,31,FRENCH ROAD,200809
W03142N000,MUSTAFA HOLDINGS PTE LTD,na,147,na,0,SYED ALWI ROAD,207706
CE13Z98K000,NTUC Fairprice Co-operative Ltd,KITCHENER COMPLEX,808,1,1,FRENCH ROAD,200808
CE14G73B000,COLD STORAGE SINGAPORE (1983) PTE LTD,APERIA,12,1,47,KALLANG AVENUE,339511
CE09H10X000,NTUC Fairprice Co-operative Ltd,CITY SQUARE MALL,180,B1,42652,KITCHENER ROAD,208539
CE15H95V000,SONG FISH DEALER PTE LTD,CITY SQUARE MALL,180,B1,7,KITCHENER ROAD,208539
E02042P000,PRIME SUPERMARKET LIMITED?,na,803,1,154,KING GEORGE'S AVENUE,200803
CE12546B000,SHENG SIONG SUPERMARKET PTE LTD,"#01-02, #02-01/02/03/04/05 BCH@301",301,na,0,GEYLANG ROAD,389344
CE07D83B000,NTUC Fairprice Co-operative Ltd,MULTI STOREY CAR PARK,5,1,5,UPPER BOON KENG ROAD,380005
E73010V000,SHENG SIONG SUPERMARKET PTE LTD,na,11,1,901,UPPER BOON KENG ROAD,380011
CE05295K000,NTUC Fairprice Co-operative Ltd,na,71,2,531,KALLANG BAHRU,330071
CE14Q85A000,B & S MINI MART PTE. LTD.,na,310,na,0,GEYLANG ROAD,389349
CE10085L000,PRB TRADING PTE. LTD.,#B1-01 & #01-01,230,na,0,GEYLANG ROAD,389290
CE09744N000,YEO HOCK HENG,na,5,na,0,ALJUNIED ROAD,389797
CE14M81K000,MONAKO ASIA PTE. LTD.,na,1,1,1,LORONG 15 GEYLANG,388595
W02065N000,COLD STORAGE SINGAPORE (1983) PTE LTD,UNITED SQUARE,101,B1,52,THOMSON ROAD,307591
CE07863X000,I-TEC SUPERMART PTE LTD,na,371,na,0,SERANGOON ROAD,218120
CE04558K000,SHENG SIONG SUPERMARKET PTE LTD,na,108,1,295,MCNAIR ROAD,321108
CE07320C000,NTUC Fairprice Co-operative Ltd,na,43,1,15,CAMBRIDGE ROAD,210043
CE08H32N000,NTUC Fairprice Co-operative Ltd,na,80,1,191,LORONG LIMAU,320080
CE12695A000,HAO MART PTE. LTD.,na,74,1,332,WHAMPOA DRIVE,320074
W86178J000,AMISTA INTERNATIONAL PTE. LTD.,na,684,1,300,RACE COURSE ROAD,210684
CE09H21L000,SEMPER FIDELIS FINE FOODS PRIVATE LIMITED,OKIO,262,1,4,BALESTIER ROAD,329714
CE15577J000,COLD STORAGE SINGAPORE (1983) PTE LTD,ORCHARD HOTEL,442,B1,42675,ORCHARD ROAD,238879
CE08808B000,SWISS BUTCHERY PTE LTD,na,56,1,2,TANGLIN ROAD,247964
CE13539N000,SUPERNATURE PTE LTD,#B1-05/06/07/08/09 FORUM,583,na,0,ORCHARD ROAD,238884
W02073N000,COLD STORAGE SINGAPORE (1983) PTE LTD,TANGLIN MALL,163,B1,42431,TANGLIN ROAD,247933
CE10B87J000,COLD STORAGE SINGAPORE (1983) PTE LTD,ALOCASSIA APARTMENTS,383,1,09A,BUKIT TIMAH ROAD,259727
W02079B000,COLD STORAGE SINGAPORE (1983) PTE LTD,na,1,B1-,41,CLAYMORE DRIVE,229594
W02078C000,ISETAN (SINGAPORE) LIMITED?,SHAW HOUSE,350,B1,0,ORCHARD ROAD,238868
CE11M39P000,NTUC Fairprice Co-operative Ltd,#B1-03/07 & #B1-10 SCOTTS SQUARE,6,na,0,SCOTTS ROAD,228209
W02070V000,COLD STORAGE SINGAPORE (1983) PTE LTD,THE PARAGON,290,B1,14/15,ORCHARD ROAD,238859
W02096A000,COLD STORAGE SINGAPORE (1983) PTE LTD,na,81,2,18,CLEMENCEAU AVENUE,239917
W02239E000,NTUC Fairprice Co-operative Ltd,ORCHARD GRAND COURT,131,1,"01,02",KILLINEY ROAD,239571
W02088A000,COLD STORAGE SINGAPORE (1983) PTE LTD,PLAZA SINGAPURA,68,B2,15/16,ORCHARD ROAD,238839
W02094C000,MEIDI-YA SINGAPORE CO (PTE) LTD,LIANG COURT SHOPPING CENTRE,177,B1,17,RIVER VALLEY ROAD,179030
W92120K000,THE BUTCHER (SINGAPORE) PTE. LTD.,na,11,na,0,MOHAMED SULTAN ROAD,239010
CE10338J000,COLD STORAGE SINGAPORE (1983) PTE LTD,RIPLEONE SOMERSET (UNIT:#01-04/04A/05/06/07/08/09),111,na,0,SOMERSET ROAD,238164
CE12I36P000,COLD STORAGE SINGAPORE (1983) PTE LTD,ION ORCHARD,2,B4,17/19,ORCHARD TURN,238801
W02071X000,COLD STORAGE SINGAPORE (1983) PTE LTD,NGEE ANN CITY TOWER A,391A,B2,1,ORCHARD ROAD,238873
SE14441L000,NTUC Fairprice Co-operative Ltd,POTONG PASIR COMMUNITY CENTRE,6,1,1,POTONG PASIR AVENUE 2,358361
SE06616X000,LIN POH LING,na,212,1,43/45,LORONG 8 TOA PAYOH,310212
NE06429X000,COLD STORAGE SINGAPORE (1983) PTE LTD,MULTI STOREY CAR PARK,266,1,2,COMPASSVALE BOW,540266
NE08150C000,NTUC Fairprice Co-operative Ltd,UNIT 01,BLK 277C,1,13,COMPASSVALE LINK,543277
NE16139A000,COLD STORAGE SINGAPORE (1983) PTE LTD,LOYANG POINT,259,1,27,PASIR RIS STREET 21,510259
CE15695V000,NTUC Fairprice Co-operative Ltd,MULTI STOREY CAR PARK,279,1,6,SENGKANG EAST AVENUE,540279
NE15760A000,RAW MARKET PTE. LTD.,SEASTRAND,11,1,48,PASIR RIS LINK,518180
NE15707K000,AZMI SHOP PTE. LTD.,PALM ISLES,42,1,77,FLORA DRIVE,506867
S02054E000,NTUC Fairprice Co-operative Ltd,RIVERVALE MALL,11,3,1,RIVERVALE CRESCENT,545082
S02055C000,NTUC Fairprice Co-operative Ltd,RIVERVALE PLAZA,118,1,8,RIVERVALE DRIVE,540118
NE15476B000,NTUC Fairprice Co-operative Ltd,na,308C,1,352,PUNGGOL WALK,823308
S02151E000,PRIME SUPERMARKET LIMITED?,na,263,1,1,COMPASSVALE STREET,540263
NE15211C000,SHENG SIONG SUPERMARKET PTE LTD,PUNGGOL PARCVISTA,312A,1,4,SUMANG LINK,821312
NE15440C000,U STARS SUPERMARKET PTE. LTD.,MULTI STOREY CAR PARK,261,1,2,PUNGGOL WAY,820261
NE12I65N000,LI LI CHENG SUPERMARKET (PUNGGOL) PTE. LTD.,PUNGGOL REGALIA,273C,1,884,PUNGGOL PLACE,823273
NE12B79A000,NTUC Fairprice Co-operative Ltd,na,612,1,6,PUNGGOL DRIVE,820612
NE15762X000,NTUC Fairprice Co-operative Ltd,WATERWAY POINT,83,B2,32,PUNGGOL CENTRAL,828761
NE09359K000,SHENG SIONG SUPERMARKET PTE LTD,MULTI STOREY CAR PARK,301,1,1,PUNGGOL CENTRAL,820301
NE15611B000,COLD STORAGE SINGAPORE (1983) PTE LTD,na,671,2,1,EDGEFIELD PLAINS,820671
NE04107V000,NTUC Fairprice Co-operative Ltd,PUNGGOL PLAZA,168,3,1,PUNGGOL FIELD,820168
S02127E000,PRIME SUPERMARKET LIMITED?,na,108,1,2,PUNGGOL FIELD,820108
NE13M11K000,COLD STORAGE SINGAPORE (1983) PTE LTD,PUNGGOL SPECTRA,622D,1,6,PUNGGOL CENTRAL,824622
NE10113B000,ANG MO SUPERMARKET PTE LTD,na,639,1,1,PUNGGOL DRIVE,820639
NE15276N000,SHENG SIONG SUPERMARKET PTE LTD,COSTA RIS,527D,1,1,PASIR RIS STREET 51,514527
NE07474A000,COLD STORAGE SINGAPORE (1983) PTE LTD,GIANT HYPERMARKETS,21,na,0,TAMPINES NORTH DRIVE 2,528765
NE04092A000,GOLDEN BAMBOO BROS SUPERMART PTE LTD,ELIAS MALL,625,1,302,ELIAS ROAD,510625
S02034N000,NTUC Fairprice Co-operative Ltd,na,1,B1,10,PASIR RIS CENTRAL STREET 3,518457
S98084K000,NTUC Fairprice Co-operative Ltd,(PASIR RIS 734 NEW MARKET),734,1,37,PASIR RIS STREET 72,510734
NE08058P000,NTUC Fairprice Co-operative Ltd,PASIR RIS NTUC RESORT,1,2,127,PASIR RIS CLOSE,519599
NE04023C000,SHENG SIONG SUPERMARKET PTE LTD,LOYANG POINT,258,1,333,PASIR RIS STREET 21,510258
S02033P000,COLD STORAGE SINGAPORE (1983) PTE LTD,na,440,1,1,PASIR RIS DRIVE 4,510440
S02052K000,NTUC Fairprice Co-operative Ltd,na,475,1,145,TAMPINES STREET 44,520475
NE15002X000,SHENG SIONG SUPERMARKET PTE LTD,S11 COURT,506,1,361,TAMPINES CENTRAL 1,520506
S02036K000,COLD STORAGE SINGAPORE (1983) PTE LTD,na,9,1,30,TAMPINES STREET 32,529286
S02037J000,YES SUPERMARKET PTE LTD,na,201B,1,1091,TAMPINES STREET 21,522201
NE09341J000,NTUC Fairprice Co-operative Ltd,CENTURY SQUARE,2,B1,42589,TAMPINES CENTRAL 5,529509
S02039C000,NTUC Fairprice Co-operative Ltd,TAMPINES MALL,4,B1,12,TAMPINES CENTRAL 5,529510
NE09027A000,COLD STORAGE SINGAPORE (1983) PTE LTD,na,10,B1,42401,TAMPINES CENTRAL 1,529536
NE04114A000,NTUC Fairprice Co-operative Ltd,TAMPINES CENTRAL COMMUNITY COMPLEX,866A,1,1,TAMPINES STREET 83,521866
NE04047K000,NTUC Fairprice Co-operative Ltd,na,138,1,136,TAMPINES STREET 11,521138
S02053J000,NTUC Fairprice Co-operative Ltd,na,107,1,353/9,TAMPINES STREET 11,521107
NE12J52X000,YES SUPERMARKET PTE LTD,na,138,1,110,TAMPINES STREET 11,521138
NE10213X000,SHAHUL HAMEED S/O ABDUSALAM,na,280,1,244,TAMPINES STREET 22,520280
NE04155C000,YES SUPERMARKET PTE LTD,na,na,na,0,na,0na
S02040X000,PRIME SUPERMARKET LIMITED?,na,823,1,160,TAMPINES STREET 81,520823
S02038E000,COLD STORAGE SINGAPORE (1983) PTE LTD,na,829,1,284/8,TAMPINES STREET 81,520829
S02049A000,NTUC Fairprice Co-operative Ltd,na,745,1,3015,BEDOK RESERVOIR ROAD,470745
S02048B000,SHENG SIONG SUPERMARKET PTE LTD,MULTI STOREY CAR PARK,739A,1,1,BEDOK RESERVOIR ROAD,471739
E79179V000,MELON SUPERMARKET PTE LTD,na,510,1,33,BEDOK NORTH STREET 3,460510
E02033X000,COLD STORAGE SINGAPORE (1983) PTE LTD,na,509,1,121,BEDOK NORTH STREET 3,460509
E02032V000,SHENG SIONG SUPERMARKET PTE LTD,BEDOK NORTH AREA OFFICE,539A,1,477,BEDOK NORTH STREET 3,461539
S02210X000,COLD STORAGE SINGAPORE (1983) PTE LTD,na,631,1,954,BEDOK RESERVOIR ROAD,470631
NE14190K000,MUMTAZ ENTERPRISE PTE LTD,THE LEO,23,1,2,KAKI BUKIT ROAD 3,415812
NE12C18V000,FRIENDS HYPERMART PTE. LTD.,KAKI BUKIT RECREATION CENTRE,7,1,16,KAKI BUKIT AVENUE 3,415814
NE04109P000,AZ SUPERMART PTE. LTD.,GOLDEN BUKIT DORMITORY 2,21,na,0,KAKI BUKIT AVENUE 3,415920
NE08405X000,CHUA & NG PTE. LTD.,na,632,1,824,BEDOK RESERVOIR ROAD,470632
S02024X000,COLD STORAGE SINGAPORE (1983) PTE LTD,HEARTLAND MALL- KOVAN (SUPERMARKET),205,1,133,HOUGANG STREET 21,530205
NE11529V000,PRIME SUPERMARKET (1996) PTE LTD,MULTI STOREY CAR PARK,159A,1,1,HOUGANG STREET 11,531159
S02028K000,NTUC Fairprice Co-operative Ltd,na,202,1,0,HOUGANG STREET 21,530202
NE15467C000,NTUC Fairprice Co-operative Ltd,MULTI STOREY CAR PARK,476,2,18,UPPER SERANGOON VIEW,530476
S02031V000,TAN CHUAN BOON,na,309,1,293,HOUGANG AVENUE 5,530309
S02025P000,LIM KING CHEW,na,6,1,82,HOUGANG AVENUE 3,530006
NE09263B000,NTUC Fairprice Co-operative Ltd,na,100,2,1,HOUGANG AVENUE 10,538767
S02026N000,NTUC Fairprice Co-operative Ltd,HOUGANG MALL,90,B1,7,HOUGANG AVENUE 10,538766
E02039E000,NTUC Fairprice Co-operative Ltd,na,152B,1,384,SERANGOON NORTH AVENUE 1,552152
NE10310X000,NTUC Fairprice Co-operative Ltd,MY VILLAGE,1,B1,41944,MAJU AVENUE,556679
NE15006K000,SFERM PTE. LTD.,SERANGOON GARDEN ESTATE,78,1,1,SERANGOON GARDEN WAY,555974
NE10280X000,THONG CHEW FOOD INDUSTRIES PTE LTD,na,36,na,0,YIO CHU KANG ROAD,545553
S02059X000,PRIME SUPERMARKET (1996) PTE LTD,na,106,1,1213,HOUGANG AVENUE 1,530106
B02024E000,NTUC Fairprice Co-operative Ltd,888 PLAZA,888,1,757,WOODLANDS DRIVE 50,730888
B02034B000,NTUC Fairprice Co-operative Ltd,WOODGROVE,30,na,0,WOODLANDS AVENUE 1,739065
NW14589C000,MUMTAJ BEGAM D/O MOHAMED YUSOOF,"WOODGROVE, THE",30,1,8,WOODLANDS AVENUE 1,739065
NW11389X000,AMS SUPER MART PTE LTD,MANDAI LODGE,595,na,0,MANDAI ROAD,729759
C02034X000,NTUC Fairprice Co-operative Ltd,CORONATION PLAZA,587,na,0,BUKIT TIMAH ROAD,269707
C02031B000,LAURELS FOODS SUPPLIERS PTE LTD,na,2,B1,204,PANDAN VALLEY,597626
NW06239N000,THNG SAIK MONG,na,108,1,K1,CLEMENTI STREET 11,120108
C79031J000,COLD STORAGE SINGAPORE (1983) PTE LTD,na,21,1,177,GHIM MOH ROAD,270021
SW12M64L000,SHENG SIONG SUPERMARKET PTE LTD,na,25,1,11,GHIM MOH LINK,270025
C02024A000,COLD STORAGE SINGAPORE (1983) PTE LTD,GUTHRIE HOUSE,1,1,5,FIFTH AVENUE,268802
C00033N000,MEAT THE BUTCHER PTE. LTD.,na,615,na,0,BUKIT TIMAH ROAD,269716
C02052N000,YEO KENG GUAN,RIDGEWOOD CONDOMINIUM,5,na,0,RIDGEWOOD CLOSE,276696
B02060V000,COLD STORAGE SINGAPORE (1983) PTE LTD,na,256,1,69,BANGKIT ROAD,670256
B02026B000,COLD STORAGE SINGAPORE (1983) PTE LTD,na,445,1,536,FAJAR ROAD,670445
NW15709P000,NTUC Fairprice Co-operative Ltd,na,2,2,6,BUKIT PANJANG RING ROAD,679947
NW15186C000,SHENG SIONG SUPERMARKET PTE LTD,MULTI STOREY CAR PARK,547,1,6,SEGAR ROAD,670547
B03099C000,NTUC Fairprice Co-operative Ltd,na,628,1,1,SENJA ROAD,670628
NW13J23J000,BISMILLAH MINIMART PTE. LTD.,na,32,1,2,MANDAI ESTATE,729939
B02011P000,COLD STORAGE SINGAPORE (1983) PTE LTD,GREENRIDGE SHOPPING CENTRE,524A,3,13/18,JELAPANG ROAD,671524
NW09331A000,HH SUNDRY SHOP PTE. LTD.,na,23,1,21,MANDAI ESTATE,729937
NW16252K000,GOWRI'S GLOBAL MARKETING PTE. LTD.,LEVEL 1,460,na,0,MANDAI ROAD,729760
NW15751L000,SADIA MINIMART PTE LTD,ELDIX,11,1,16,MANDAI ESTATE,729908
J02011C000,COLD STORAGE SINGAPORE (1983) PTE LTD,na,464,na,0,UPPER BUKIT TIMAH ROAD,678077
NW11767E000,COLD STORAGE SINGAPORE (1983) PTE LTD,THE TENNERY,1,1,7,WOODLANDS ROAD,677899
B02020N000,NTUC Fairprice Co-operative Ltd,BUKIT PANJANG PLAZA,1,1,15,JELEBU ROAD,677743
B02017C000,SHENG SIONG SUPERMARKET PTE LTD,na,301,1,217,WOODLANDS STREET 31,730301
B02022K000,NTUC Fairprice Co-operative Ltd,MARSILING MRT STATION,71,1,1,WOODLANDS AVENUE 3,739044
B02040E000,SHENG SIONG SUPERMARKET PTE LTD,na,6A,1,280,WOODLANDS CENTRE ROAD,731006
NW08020K000,COLD STORAGE SINGAPORE (1983) PTE LTD,ADMIRALTY MRT STATION,70,1,5,WOODLANDS AVENUE 7,738344
NW04127A000,NTUC Fairprice Co-operative Ltd,WOODLANDS CIVIC CENTRE,900,B1,1,SOUTH WOODLANDS DRIVE,730900
NW14561E000,7SEVEN PTE. LTD.,na,300,1,3,ADMIRALTY ROAD WEST,757027
B02027A000,PRIME SUPERMARKET LIMITED?,ADMIRALTY PLACE,678,1,716,WOODLANDS AVENUE 6,730678
B02037X000,COLD STORAGE SINGAPORE (1983) PTE LTD,WOODLANDS NORTH PLAZA,883,1,498,WOODLANDS STREET 82,730883
B02035A000,COLD STORAGE SINGAPORE (1983) PTE LTD,VISTA POINT,548,1,37/38,WOODLANDS DRIVE 44,730548
NW13K05E000,NTUC Fairprice Co-operative Ltd,na,570B,1,6,WOODLANDS AVENUE 1,732570
NW15011C000,VENKATESH DEEPA ( VIDEKS GROCERS ),na,686C,1,90,WOODLANDS DRIVE 73,733686
NW11702X000,SHENG SIONG SUPERMARKET PTE LTD,INTERIM RECREATION PARK,200,1,30,WOODLANDS INDUSTRIAL PARK E7,757177
NW08385B000,COLD STORAGE SINGAPORE (1983) PTE LTD,SEMBAWANG SHOPPING CENTRE,604,B1,25,SEMBAWANG ROAD,758459
NW06546V000,NTUC Fairprice Co-operative Ltd,SEMBAWANG MART,511,2,3,CANBERRA ROAD,750511
B02012N000,COLD STORAGE SINGAPORE (1983) PTE LTD,WOODLANDS MART,768,1,34,WOODLANDS AVENUE 6,730768
NW15489B000,PHAN NEE TRADING LLP,WESTLITE WOODLANDS DORMITORY,2,1,5,WOODLANDS SECTOR 2,737723
NW15220L000,FORTUNE SUPERMARKET PTE. LTD.,MULTI STOREY CAR PARK,780,1,1,WOODLANDS CRESCENT,730780
NW07726J000,MM SUNDRY SHOP PTE.LTD.,WOODLANDS DORMITORY,27,1,70,WOODLANDS SECTOR 1,738252
NW15484L000,SONG FISH DEALER PTE LTD,SEMBAWANG SHOPPING CENTRE,604,B1,8,SEMBAWANG ROAD,758459
NW14006E000,DE ESPERTO MINIMART PTE. LTD.,na,190,na,0,WOODLANDS INDUSTRIAL PARK E7,757178
NW13005P000,GAVARASANA SURESH KUMAR,WOODLANDS LODGE ONE,50,1,2,WOODLANDS INDUSTRIAL PARK E4,757388
NW09437C000,COLD STORAGE SINGAPORE (1983) PTE LTD,na,468B,1,29,ADMIRALTY DRIVE,752468
NW14040B000,FORTUNE SUPERMARKET PTE. LTD.,MULTI STOREY CAR PARK,463,1,2,SEMBAWANG DRIVE,750463
NW12H40C000,V SURESH KUMAR,na,51,na,0,ADMIRALTY ROAD WEST - LODGE 1,757443
NW10192C000,PHAN NEE TRADING LLP,COCHRANE LODGE II,49,na,0,ADMIRALTY ROAD WEST,757444
NW07636K000,COLD STORAGE SINGAPORE (1983) PTE LTD,MULTI STOREY CAR PARK,406A,1,2,SEMBAWANG DRIVE,751406
NW04014P000,COLD STORAGE SINGAPORE (1983) PTE LTD,na,102,1,125,YISHUN AVENUE 5,760102
NW12G73N000,PRIME SUPERMARKET (1996) PTE LTD,(#01-348-350-352 AND 354),761,1,348,YISHUN STREET 72,760761
B02038P000,SHENG SIONG SUPERMARKET PTE LTD,na,925,1,211,YISHUN CENTRAL 1,760925
B02093B000,NTUC Fairprice Co-operative Ltd,YISHUN MRT STATION,301,1,2,YISHUN AVENUE 2,769093
NW08441V000,COLD STORAGE SINGAPORE (1983) PTE LTD,NORTHPOINT,930,B1,42675,YISHUN AVENUE 2,769098
B85098V000,NTUC Fairprice Co-operative Ltd,na,239,1,1150,YISHUN RING ROAD,760239
B02039N000,COLD STORAGE SINGAPORE (1983) PTE LTD,na,293,1,261,YISHUN STREET 22,760293
NW04015N000,COLD STORAGE SINGAPORE (1983) PTE LTD,na,291,1,389/3,YISHUN STREET 22,760291
B02041C000,TAN KWEE ENG,na,327,1,1320,YISHUN RING ROAD,760327
W02140C000,COLD STORAGE SINGAPORE (1983) PTE LTD,TURF CLUB SHOPPING CENTRE,200,na,0,TURF CLUB ROAD,287994
NW08141P000,COLD STORAGE SINGAPORE (1983) PTE LTD,CLEMENTI ARCADE,41,1,01A,SUNSET WAY,597071
NW15295X000,COLD STORAGE SINGAPORE (1983) PTE LTD,SIME DARBY CENTRE,896,2,1,DUNEARN ROAD,589472
CE09685B000,COLD STORAGE SINGAPORE (1983) PTE LTD,HILLCREST PARK,20,na,0,GREENWOOD AVENUE,289215
NW15638L000,SFERM PTE. LTD.,THE GRANDSTAND,200,2,K111,TURF CLUB ROAD,287994
NW15551B000,CENTURY GLOBAL PTE. LTD.,BINJAI PARK,5,na,0,BINJAI PARK,589820
CE07705A000,SWISS BUTCHERY (2013) PRIVATE LIMITED,HILLCREST PARK,30,na,0,GREENWOOD AVENUE,289230
B03078N000,ROSWELL ENTERPRISE PTE LTD,na,34,na,0,GREENWOOD AVENUE,289236
CE09902A000,NG LIAN TEE,GREENDALE COURT,7,na,0,GREENDALE AVENUE,289504
NW15264K000,ALTERNATIVE SELECTION PTE. LTD.,BINJAI PARK,29,na,0,BINJAI PARK,589831
SW12L48X000,AJMAL TRADE MART PTE. LTD.,"1ST STOREY, LODGE 1 WORKERS' DORMITORY",12,na,0,KRANJI ROAD,739522
J87134E000,BALASUBRAMANIYAN KANNADASAN,1ST STOREY,257,na,0,KRANJI ROAD,739503
SW09032C000,NTUC Fairprice Co-operative Ltd,YEW TEE POINT,21,B1,42552,CHOA CHU KANG NORTH 6,689578
SW13120A000,SADIA SUPERMARKET & TRADING (S) PTE. LTD.,"1ST STOREY, BLK B, WORKERS DORMITORY",17,na,0,SUNGEI KADUT STREET 4,729045
SW15796X000,NTUC Fairprice Co-operative Ltd,LIMBANG SHOPPING CENTRE (HDB),533,1,11,CHOA CHU KANG STREET 51,680533
B02099L000,NTUC Fairprice Co-operative Ltd,na,849,1,3703,YISHUN RING ROAD,760849
B99041L000,NTUC Fairprice Co-operative Ltd,ORCHID COUNTRY CLUB,1,1,34,ORCHID CLUB ROAD,769162
B02008E000,SHENG SIONG SUPERMARKET PTE LTD,na,845,1,184,YISHUN STREET 81,760845
CE05039P000,COLD STORAGE SINGAPORE (1983) PTE LTD,KHATIB MRT STATION,201,1,3,YISHUN AVENUE 2,769092
W03223N000,KAI SOON SUPERMARKET PTE. LTD.,na,780,1,3546,YISHUN RING ROAD,760780
B92077A000,COLD STORAGE SINGAPORE (1983) PTE LTD,na,418,1,433,YISHUN AVENUE 11,760418
B02025C000,NTUC Fairprice Co-operative Ltd,na,414,1,1853,YISHUN RING ROAD,760414
NW07277P000,NTUC Fairprice Co-operative Ltd,na,355,1,1,SEMBAWANG WAY,750355
B02021L000,NTUC Fairprice Co-operative Ltd,SUN PLAZA,30,B1,42430,SEMBAWANG DRIVE,757713
NW11577N000,PHAN NEE INVESTMENTS (S) PTE LTD,SIMPANG LODGE 2,2C,1,3,YISHUN AVENUE 7,768930
NW08337X000,PHAN NEE TRADING LLP,na,2B,1,1,YISHUN AVENUE 7,768929
B02032E000,COLD STORAGE SINGAPORE (1983) PTE LTD,na,161,1,504,ANG MO KIO AVENUE 4,560161
CE12V01C000,COLD STORAGE SINGAPORE (1983) PTE LTD,SEMBAWANG HILLS ESTATE,16,na,0,JALAN KURAS,577729
SE04012L000,NTUC Fairprice Co-operative Ltd,JOO CHIAT COMPLEX,2,1,1139,JOO CHIAT ROAD,420002
S91085V000,NTUC Fairprice Co-operative Ltd,na,110,1,233/5,LENGKONG TIGA,410110
E02041X000,PRIME SUPERMARKET LIMITED?,na,25A,1,459,CHAI CHEE ROAD,461025
E02072C000,Teo Bobby,na,29,1,62,CHAI CHEE AVENUE,460029
SE11317V000,EN FROZEN PTE LTD,na,1,1,198,GEYLANG SERAI,402001
E75097C000,PRIME SUPERMARKET (1996) PTE LTD,na,18,1,87,BEDOK SOUTH ROAD,460018
SE13S71X000,NTUC Fairprice Co-operative Ltd,na,57,1,1334,NEW UPPER CHANGI ROAD,461057
SE06125B000,GOLDEN TICKET SINGAPORE PTE. LTD.,BAYSHORE PARK,54,1,42650,BAYSHORE ROAD,469979
SE13135L000,NTUC Fairprice Co-operative Ltd,BEDOK MALL,311,B2,60,NEW UPPER CHANGI ROAD,467360
SE04069A000,SHENG SIONG SUPERMARKET PTE LTD,na,209,1,631,NEW UPPER CHANGI ROAD,460209
E02035N000,NTUC Fairprice Co-operative Ltd,na,212,1,147,BEDOK NORTH STREET 1,460212
E02026P000,COLD STORAGE SINGAPORE (1983) PTE LTD,EASTWOOD CENTRE,20,1,42620,EASTWOOD ROAD,486442
SE12G19X000,NTUC Fairprice Co-operative Ltd,UE BIZHUB EAST #01-51 & #02-51,8,na,0,CHANGI BUSINESS PARK AVENUE 1,486018
SE11D22K000,L M MEAT PTE. LTD,CHANGI CITY POINT,5,B1,23,CHANGI BUSINESS PARK CENTRAL 1,486038
SE13U39E000,NTUC Fairprice Co-operative Ltd,CHANGI AIRPORT T2 - BASEMENT LEVEL SOUTH,60,B16,29,AIRPORT BOULEVARD,819643
SE07559P000,NTUC Fairprice Co-operative Ltd,CHANGI AIRPORT TERMINAL 3,65,B2,10,AIRPORT BOULEVARD,819663
SE11799C000,CP MANAGEMENT SERVICES PRIVATE LIMITED,CHANGI LODGE 2,80,1,2,TANAH MERAH COAST ROAD,498820
E03034J000,SHENG SIONG SUPERMARKET PTE LTD,na,115,1,319,BEDOK NORTH ROAD,460115
SE14377P000,COLD STORAGE SINGAPORE (1983) PTE LTD,EAST VILLAGE,430,1,47,UPPER CHANGI ROAD,487048
E02047E000,COLD STORAGE SINGAPORE (1983) PTE LTD,BEDOK SHOPPING COMPLEX,348,1,1,BEDOK ROAD,469560
SE11071C000,NTUC Fairprice Co-operative Ltd,na,89,1,77/79,BEDOK NORTH STREET 4,460089
SE12D59V000,THNG CHYE BOON,na,343,na,0,BEDOK ROAD,469526
SE14775X000,NTUC Fairprice Co-operative Ltd,EASTPOINT MALL,3,5,1,SIMEI STREET 6,528833
E02036L000,NTUC Fairprice Co-operative Ltd,SINGAPORE POST,10,B2,13,EUNOS ROAD 8,408600
SE14A83A000,COLD STORAGE SINGAPORE (1983) PTE LTD,PAYA LEBAR SQUARE,60,B1,42491,PAYA LEBAR ROAD,409051
SE09706N000,NTUC Fairprice Co-operative Ltd,na,5,1,2619,EUNOS CRESCENT,400005
SE14875L000,COLD STORAGE SINGAPORE (1983) PTE LTD,ONE KM,11,B1,36,TANJONG KATONG ROAD,437157
SE14920N000,TANESEI RETAILING PTE. LTD.,ONE KM,11,B1,12,TANJONG KATONG ROAD,437157
SE11577E000,NTUC Fairprice Co-operative Ltd,na,612-620,na,0,GEYLANG ROAD,389551
E02048C000,COLD STORAGE SINGAPORE (1983) PTE LTD,TANJONG KATONG COMPLEX,845,1,8,GEYLANG ROAD,400845
SE11136C000,I-TEC SUPERMART PTE LTD,GREEN COURT,498/500,na,0,GEYLANG ROAD,389456
SE15464L000,ABEDIN TRADING PTE. LTD.,na,599,1,1,GEYLANG ROAD,389538
SE14467N000,NTUC Fairprice Co-operative Ltd,KALLANG WAVE MALL,1,1,29,STADIUM PLACE,397628
SE07216L000,COLD STORAGE SINGAPORE (1983) PTE LTD,LEISURE PARK,5,B1,1,STADIUM WALK,397693
SE16122V000,NTUC Fairprice Co-operative Ltd,MACPHERSON MALL,401,2,22/29,MACPHERSON ROAD,368125
SE04040C000,PRIME SUPERMARKET LIMITED?,na,1,1,1,UPPER ALJUNIED LANE,360001
SE08722A000,SIVAMANI MINIMART PTE LTD,na,141,na,0,UPPER PAYA LEBAR ROAD,534846
SE12F88V000,SARATHI STORES PTE LTD,na,91,na,0,UPPER PAYA LEBAR ROAD,534821
SE06465L000,TAN PAK NANG,na,387,na,0,UPPER ALJUNIED ROAD,367872
E02030B000,COLD STORAGE SINGAPORE (1983) PTE LTD,na,306,1,185,UBI AVENUE 1,400306
NE10228C000,KPM MINI MART PTE LTD,SCAL DORMITORY (HOUGANG ),200,1,3,HOUGANG AVENUE 3,538848
E02028L000,COLD STORAGE SINGAPORE (1983) PTE LTD,na,266,1,255,SERANGOON CENTRAL DRIVE,550266
SE05117K000,Teo Bobby,na,253,1,241,SERANGOON CENTRAL DRIVE,550253
SE10564B000,NTUC Fairprice Co-operative Ltd,NEX,23,3,42,SERANGOON CENTRAL,556083
SE10579K000,COLD STORAGE SINGAPORE (1983) PTE LTD,NEX,23,B2,44/45,SERANGOON CENTRAL,556083
SE04130B000,NTUC Fairprice Co-operative Ltd,na,41,1,5,JALAN TIGA,390041
SE14965K000,"CHEE MIN KUAN, SIMON",na,342,na,0,TANJONG KATONG ROAD,437112
SE15043B000,ANGLISS SINGAPORE PTE LTD,na,313,na,0,TANJONG KATONG ROAD,437096
E02044L000,SIM CHIANG LEE,na,443,na,0,TANJONG KATONG ROAD,437150
E02034P000,NTUC Fairprice Co-operative Ltd,na,114,1,75,ALJUNIED AVENUE 2,380114
E02045K000,COLD STORAGE SINGAPORE (1983) PTE LTD,na,118,1,100,ALJUNIED AVENUE 2,380118
SE16233J000,SHENG SIONG SUPERMARKET PTE LTD,MACPHERSON RESIDENCY,18B,1,260,CIRCUIT ROAD,372018
E95315V000,NTUC Fairprice Co-operative Ltd,na,77,1,464/6,CIRCUIT ROAD,370077
SE13S89V000,COLD STORAGE SINGAPORE (1983) PTE LTD,SIGLAP V,2,1,42491,FIRST STREET,458278
E83157K000,NTUC Fairprice Co-operative Ltd,na,934,na,0,EAST COAST ROAD,459125
SE06112L000,COLD STORAGE SINGAPORE (1983) PTE LTD,MANDARIN GARDENS,15,1,1,SIGLAP ROAD,448912
SE14C27C000,ZAC MEAT & POULTRY PTE LTD,OPERA ESTATE,1B,na,0,FIGARO STREET,458322
SE13U91V000,NTUC Fairprice Co-operative Ltd,VILLAGE HOTEL KATONG,30,1,42619,EAST COAST ROAD,428751
E02027N000,COLD STORAGE SINGAPORE (1983) PTE LTD,PARKWAY PARADE SHOPPING CENTRE,80,B1,84,MARINE PARADE ROAD,449269
E02196C000,COLD STORAGE SINGAPORE (1983) PTE LTD,PARKWAY PARADE,80,3,27/62,MARINE PARADE ROAD,449269
SE11930L000,COLD STORAGE SINGAPORE (1983) PTE LTD,112 KATONG,112,B1,12,EAST COAST ROAD,428802
E02096K000,NTUC Fairprice Co-operative Ltd,NTUC FAIRPRICE SUPERMARKET,6,na,0,MARINE PARADE CENTRAL,449411
SE11A69V000,TANESEI RETAILING PTE. LTD.,112 KATONG,112,B1,9,EAST COAST ROAD,428802
SE10553J000,FOUR SEASONS ORGANIC MARKET PTE. LTD.,PARKWAY PARADE,80,B1,83A,MARINE PARADE ROAD,449269
SE05244V000,THE BUTCHER (SINGAPORE) PTE. LTD.,PARKWAY PARADE,80,B1,83B,MARINE PARADE ROAD,449269
SE08389J000,CHO YONG BEOM,PARKWAY PARADE,80,B1,84A,MARINE PARADE ROAD,449269
SE11505P000,COLD STORAGE SINGAPORE (1983) PTE LTD,na,291,1,1,JOO CHIAT ROAD,427540
SE09608P000,COLD STORAGE SINGAPORE (1983) PTE LTD,na,56,1,259,MARINE TERRACE,440056
E98161V000,NTUC Fairprice Co-operative Ltd,na,239/255,na,0,EAST COAST ROAD,428932
SW16921N000,CHENNAI TRADING & SUPERMART PTE. LTD.,na,1,1,35,JALAN PAPAN,619392
SW16126J000,TUAS SOUTH MINIMART PTE. LTD.,CDPL (TUAS) DORMITORY,6,na,0,TUAS SOUTH STREET 15,636906
SW06590A000,COLD STORAGE SINGAPORE (1983) PTE LTD,VIVOCITY,1,1,23,HARBOURFRONT WALK,098585
SW12G71E000,COLD STORAGE SINGAPORE (1983) PTE LTD,#02-07/08/09/10 SENTOSA COVE ARRIVAL PLAZA,1,na,0,COVE AVENUE,098537
SW12N25V000,COLD STORAGE SINGAPORE (1983) PTE LTD,"QUAYSIDE ISLE, SENTOSA",31,1,26/27,OCEAN WAY,098375
SW11A26P000,NTUC Fairprice Co-operative Ltd,"#01-09 & #01-16 PSA BLDG, ALEXANDRA RETAIL CENTRE",460,na,0,ALEXANDRA ROAD,119963
SW08662J000,COLD STORAGE SINGAPORE (1983) PTE LTD,CONNEXIS OF FUSIONOPOLIS,1,B2,10,FUSIONOPOLIS WAY,138632
SW04158X000,NTUC Fairprice Co-operative Ltd,DEPOT HEIGHTS SHOPPING CENTRE,108,1,1,DEPOT ROAD,100108
SW11452C000,NTUC Fairprice Co-operative Ltd,MULTI STOREY CAR PARK,78A,1,1,TELOK BLANGAH STREET 32,101078
C03010C000,COLD STORAGE SINGAPORE (1983) PTE LTD,#01-47/48/49/50 HARBOURFRONT CENTRE,1,na,0,MARITIME SQUARE,099253
SW13245V000,NTUC Fairprice Co-operative Ltd,ONE@KENTRIDGE,1,2,16,LOWER KENT RIDGE ROAD,119082
SW12J97L000,COLD STORAGE SINGAPORE (1983) PTE LTD,#B1-35/36 AND 02 THE STAR VISTA,1,na,0,VISTA EXCHANGE GREEN,138617
SW12J94X000,TANESEI TRADING PTE. LTD.,THE STAR VISTA,1,B1,28,VISTA EXCHANGE GREEN,138617
C02035P000,NTUC Fairprice Co-operative Ltd,na,451,1,307,CLEMENTI AVENUE 3,120451
SW10A16E000,NTUC Fairprice Co-operative Ltd,#B1-12/13/14 THE CLEMENTI MALL,3155,na,0,COMMONWEALTH AVE WEST,129588
SW07331C000,SHENG SIONG SUPERMARKET PTE LTD,na,352,1,91&99,CLEMENTI AVENUE 2,120352
SW07481A000,NTUC Fairprice Co-operative Ltd,MULTI STOREY CAR PARK,28,1,83,DOVER CRESCENT,130028
C02047J000,U STARS SUPERMARKET PTE. LTD.,na,345,1,78,CLEMENTI AVENUE 5,120345
SW12M67E000,SHENG SIONG SUPERMARKET PTE LTD,na,420A,1,1,CLEMENTI AVENUE 1,121420
SW12F58E000,NTUC Fairprice Co-operative Ltd,CLEMENTI AVENUE 2 SHOPPING CENTRE,352,1,141,CLEMENTI AVENUE 2,120352
SW08A55C000,LI LI CHENG SUPERMARKET PTE. LTD.,na,51,na,0,SOON LEE ROAD,628088
SW14817E000,SHENG SIONG SUPERMARKET PTE LTD,PENJURU RECREATION CENTRE,27,1,24,PENJURU WALK,608538
SW09346X000,BFN FOODS PTE. LTD.,TERUSAN LODGE ONE,5A,na,0,JALAN PAPAN,619396
SW16814X000,VINAYAK TRADERS PTE. LTD.,na,1,1,33,JALAN PAPAN,619392
SW11512N000,KINGS SUPERMARKET PTE. LTD.,CASSIA@PENJURU,23,3,81,PENJURU WALK,608537
SW08219P000,AJMAL TRADING GROUP PTE. LTD.,SOON LEE LODGE,31,na,0,SOON LEE ROAD,628087
SW09426V000,PHANG NEE ENTERPRISE PTE. LTD.,na,2D,1,4,JALAN PAPAN,619415
SW14A33P000,VINAYAK TRADERS PTE. LTD.,PENJURU RECREATION CENTRE,27,1,42621,PENJURU WALK,608538
SW14A05B000,HAJI TRADERS PTE. LTD,#01-18 & #01-21 PENJURU RECREATION CENTRE,27,na,0,PENJURU WALK,608538
SW15051V000,ARCHANA PROVISION STORES PTE. LTD,PENJURU RECREATION CENTRE,27,1,42557,PENJURU WALK,608538
J03027B000,KADER HASNA MARICAN,na,17,1,65,KIAN TECK LANE,627851
SW14A98C000,GURU'S MARKETING PTE. LTD.,PENJURU RECREATION CENTRE,27,1,15,PENJURU WALK,608538
SW16735N000,GURU'S MARKETING PTE. LTD.,na,1,1,31,JALAN PAPAN,619392
SW16856V000,ARCHANA SUPERMARKET PTE. LTD.,na,1,1,29,JALAN PAPAN,619392
SW07E27X000,KINGSMART PTE. LTD.,na,30,1,42557,PENJURU PLACE,608557
SW10458A000,SHAFEN SUPERMARKET & TRADING (S) PTE. LTD.,TUAS LODGE 1,90,1,6,TUAS SOUTH AVENUE 9,637397
SW14718K000,AJMAL SUPER MART PTE. LTD.,TUAS VIEW DORMITORY,70,1,40,TUAS SOUTH AVENUE 1,637285
SW16224E000,NAWAS GLOBAL PTE. LTD.,TUAS SOUTH DORMITORY,3,1,16,TUAS SOUTH STREET 12,636947
SW15053P000,LAI LAI SUPERMART PTE. LTD.,TUAS VIEW DORMITORY,70,1,39,TUAS SOUTH AVENUE 1,637285
SW14824J000,SRI SURIYA'S MARKETING PTE. LTD.,na,11,1,3,TECH PARK CRESCENT,638121
SW09752V000,SHANMUGHA ENTERPRISES PTE. LTD,na,5,1,2,TECH PARK CRESCENT,638127
SW10282L000,J.I.C. ENTERPRISES PTE. LTD.,SPRINTECS INDUSTRIAL BUILDING,2,1,7,TUAS SOUTH STREET 2,637895
SW09288C000,SADIA SUPERMARKET & TRADING (S) PTE. LTD.,na,14,1,2,TECH PARK CRESCENT,638118
SW14B28C000,SRI SURIYA'S MARKETING PTE. LTD.,"(PART OF- FRONT), FIRST STOREY, WESTLINK TECHPARK",115,na,0,TUAS VIEW WALK 1,637734
SW16901A000,SADIA SUPERMARKET & TRADING (S) PTE. LTD.,na,12,1,20/21,TUAS SOUTH STREET 13,636937
SW15681P000,NPS IMPEX PTE. LTD,(PART OF),21,na,0,TUAS VIEW SQUARE,637640
SW14632V000,TU HEE TRADING PTE. LTD.,"GROUND FLOOR - UNIT 2, WESTLINK TECHPARK",123,na,0,TUAS VIEW WALK 1,637738
SW10780J000,JAYTARRANI PTE. LTD.,na,32,1,2,TUAS VIEW SQUARE,637778
J02019K000,PRIME SUPERMARKET LIMITED?,na,962,1,300,JURONG WEST STREET 91,640962
SW07209E000,SHENG SIONG SUPERMARKET PTE LTD,na,7,na,0,JURONG WEST AVE 5,649486
SW05008N000,COLD STORAGE SINGAPORE (1983) PTE LTD,PIONEER MALL,638,3,1,JURONG WEST STREET 61,640638
SW15D03B000,PRIME SUPERMARKET (1996) PTE LTD,"NORTH SPINE , NTU",50,NS3,46023,NANYANG AVENUE,639798
SW14951X000,NTUC Fairprice Co-operative Ltd,#02-21 & #03-21 FAIRPRICE HUB,1,na,0,JOO KOON CIRCLE,629117
C02038K000,NTUC Fairprice Co-operative Ltd,JURONG POINT,1,B1,9,JURONG WEST CENTRAL 2,648886
C02041V000,NTUC Fairprice Co-operative Ltd,#01-43A & 01-35,399,na,0,YUNG SHENG ROAD,610399
C02050X000,SHENG SIONG SUPERMARKET PTE LTD,#01-01A/02,3,1,0,YUAN CHING ROAD,618642
C02040A000,NTUC Fairprice Co-operative Ltd,#01-119/02-119,63/66,na,0,YUNG KUANG ROAD,610063
SW08A59X000,NTUC Fairprice Co-operative Ltd,#03-01 JURONG POINT SHOPPING CENTRE,63,na,0,JURONG WEST CENTRAL 3,648331
SW08907C000,GOWRI'S GLOBAL MARKETING PTE. LTD.,na,555,1,2,UPPER JURONG ROAD,638368
C85274C000,NTUC Fairprice Co-operative Ltd,na,BLK 345,1,29,JURONG EAST STREET 31,600345
J02009N000,SHENG SIONG SUPERMARKET PTE LTD,na,544,1,97/99,JURONG WEST STREET 42,640544
SW12H20A000,NTUC Fairprice Co-operative Ltd,#01-434/436/438,498,na,0,JURONG WEST STREET 41,640498
J02013A000,NTUC Fairprice Co-operative Ltd,BOON LAY SHOPPING CENTRE,221,2,200,BOON LAY PLACE,640221
J02016P000,NG TOH TET,na,442,1,756,JURONG WEST AVENUE 1,640442
J03056N000,COLD STORAGE SINGAPORE (1983) PTE LTD,#01-24/26/28,492,na,0,JURONG WEST STREET 41,640492
C02037L000,NTUC Fairprice Co-operative Ltd,na,135,1,337,JURONG EAST STREET 13,600135
SW13W88P000,ISETAN (SINGAPORE) LIMITED?,WESTGATE,3,B2,1,GATEWAY DRIVE,608532
SW14826C000,BIG BOX SINGAPORE PTE. LTD.,BIG BOX,1,1,12,VENTURE AVENUE,608521
SW13T12J000,NTUC Fairprice Co-operative Ltd,JEM,50,B1,21/22,JURONG GATEWAY ROAD,608549
C02051P000,ONE EIGHT SHOP PTE. LTD.,(PART OF) - LEFT SIDE,104,1,110,JURONG EAST STREET 13,600104
C02036N000,NTUC Fairprice Co-operative Ltd,BUKIT TIMAH PLAZA,1,LG,1,JALAN ANAK BUKIT,588996
C02026X000,COLD STORAGE SINGAPORE (1983) PTE LTD,IMM BUILDING,2,1,100,JURONG EAST STREET 21,609601
SW07070J000,COLD STORAGE SINGAPORE (1983) PTE LTD,na,284,1,251,BUKIT BATOK EAST AVENUE 3,650284
C02048E000,COLD STORAGE SINGAPORE (1983) PTE LTD,BEAUTY WORLD CENTRE,144,B1,1,UPPER BUKIT TIMAH ROAD,588177
SW14017K000,SHAFEN SUPERMARKET & TRADING (S) PTE. LTD.,"BLK 28, WESTLITE DORMITORY (TOH GUAN)",18,2,2,TOH GUAN ROAD EAST,608596
SW06002X000,TAY CHONG BENG,na,19,1,65,TOH GUAN ROAD EAST,608568
SW13Q24X000,NTUC Fairprice Co-operative Ltd,na,280,1,315,BUKIT BATOK EAST AVENUE 3,650280
SW14484J000,T S J INDUSTRIAL (S) PTE. LTD.,ENTERPRISE HUB,48,1,130,TOH GUAN ROAD EAST,608586
SW08379J000,WONS BUTCHERY PTE. LTD.,GOH & GOH BUILDING,122,na,0,UPPER BUKIT TIMAH ROAD,588175
C64022P000,ZAC MEAT & POULTRY PTE LTD,HOOVER PARK,14,na,0,CHUN TIN ROAD,599601
SW04097K000,PRIME SUPERMARKET LIMITED?,na,159,1,178,BUKIT BATOK STREET 11,650159
C02046K000,COLD STORAGE SINGAPORE (1983) PTE LTD,WEST MALL,1,B1,1,BUKIT BATOK CENTRAL LINK,658713
C02104B000,NTUC Fairprice Co-operative Ltd,na,10,1,8,BUKIT BATOK CENTRAL,659958
SW13126K000,BALU MINIMART PTE. LTD,"JURONG LODGE ONE , BLK A",501A,na,0,JURONG ROAD,649698
SW08821N000,NTUC Fairprice Co-operative Ltd,na,140,1,351,TECK WHYE LANE,680140
J02021A000,COLD STORAGE SINGAPORE (1983) PTE LTD,na,376,1,116,BUKIT BATOK STREET 31,650376
J02020B000,PRIME SUPERMARKET (1996) PTE LTD,na,142,1,281,TECK WHYE LANE,680142
J02017N000,PRIME SUPERMARKET LIMITED?,na,373,1,248,BUKIT BATOK STREET 31,650373
SW11423N000,SHENG SIONG SUPERMARKET PTE LTD,na,18,1,95,TECK WHYE LANE,680018
SW14633X000,NTUC Fairprice Co-operative Ltd,HomeTeamNS BUKIT BATOK CLUBHOUSE,2,1,10,BUKIT BATOK WEST AVENUE 7,659003
SW14542A000,COLD STORAGE SINGAPORE (1983) PTE LTD,HILLV2,4,2,7,HILLVIEW RISE,667979
C02053L000,NTUC Fairprice Co-operative Ltd,#01-256/258,166,na,0,BUKIT BATOK WEST AVENUE 8,650166
C02033V000,SHENG SIONG SUPERMARKET PTE LTD,na,154A,1,1,BUKIT BATOK WEST AVENUE 8,651154
SW06322N000,OH BENG GUAN,MULTI STOREY CAR PARK,395A,3,10,BUKIT BATOK WEST AVENUE 5,651395
J96145K000,NTUC Fairprice Co-operative Ltd,LOT 1 SHOPPERS' MALL,21,B1,3,CHOA CHU KANG AVENUE 4,689812
SW16815P000,PHAN NEE INVESTMENTS (S) PTE LTD,na,500,1,2,OLD CHOA CHU KANG ROAD,698928
J02018L000,PRIME SUPERMARKET (1996) PTE LTD,na,253,B1,42650,CHOA CHU KANG AVENUE 1,680253
J02010E000,COLD STORAGE SINGAPORE (1983) PTE LTD,na,475,1,1,CHOA CHU KANG AVENUE 3,680475
SW11251X000,AJMAL TRADE MART PTE. LTD.,BLK 1 SCAL DORMITORY (1ST STOREY),11,na,0,JALAN LEKAR,698918
SW08740N000,AJMAL TRADING GROUP PTE. LTD.,na,1A,na,0,MURAI FARMWAY,709154
J02008P000,ANG KEN CHUA,na,410,1,341,CHOA CHU KANG AVENUE 3,680410
SW09589E000,SHAFEN SUPERMARKET & TRADING (S) PTE. LTD.,MURAI LODGE ONE,1B,1,4,MURAI FARMWAY,709155
SW15626J000,GINZA FARM SINGAPORE PTE. LTD.,D'' KRANJI FARM RESORT,10,1,10A/B,NEO TIEW LANE 2,718813
SW05051J000,SHENG SIONG SUPERMARKET PTE LTD,na,720,1,144,CLEMENTI WEST STREET 2,120720
SW12O05A000,NTUC Fairprice Co-operative Ltd,na,502,1,41,WEST COAST DRIVE,120502
SW08807K000,COLD STORAGE SINGAPORE (1983) PTE LTD,#B1-19 WEST COAST PLAZA,154,na,0,WEST COAST ROAD,127371
C02080E000,SHENG SIONG SUPERMARKET PTE LTD,na,61,1,21,TEBAN GARDENS ROAD,600061
SW15968N000,NTUC Fairprice Co-operative Ltd,#01-304/305/306,37,na,0,TEBAN GARDENS ROAD,600037
SW13368A000,L M MEAT PTE. LTD,WEST COAST PLAZA,154,B1,14,WEST COAST ROAD,127371
SW12G70J000,COLD STORAGE SINGAPORE (1983) PTE LTD,"KENT VALE ESTATE, NUS",101,1,1,CLEMENTI ROAD,129787